-- phpMyAdmin SQL Dump
-- version 5.1.1
-- https://www.phpmyadmin.net/
--
-- Host: 127.0.0.1:3306
-- Generation Time: Nov 02, 2021 at 01:23 AM
-- Server version: 10.3.31-MariaDB
-- PHP Version: 7.4.24

SET SQL_MODE = "NO_AUTO_VALUE_ON_ZERO";
START TRANSACTION;
SET time_zone = "+00:00";


/*!40101 SET @OLD_CHARACTER_SET_CLIENT=@@CHARACTER_SET_CLIENT */;
/*!40101 SET @OLD_CHARACTER_SET_RESULTS=@@CHARACTER_SET_RESULTS */;
/*!40101 SET @OLD_COLLATION_CONNECTION=@@COLLATION_CONNECTION */;
/*!40101 SET NAMES utf8mb4 */;

--
-- Database: `xiaobei_db`
--

-- --------------------------------------------------------

--
-- Table structure for table `track_animals`
--

CREATE TABLE `track_animals` (
  `id` int(13) NOT NULL,
  `user_id` int(13) NOT NULL,
  `name` varchar(256) NOT NULL,
  `type` varchar(256) NOT NULL,
  `breed` varchar(256) NOT NULL,
  `description` varchar(256) NOT NULL,
  `color` varchar(256) NOT NULL,
  `image` varchar(256) NOT NULL,
  `date_create` varchar(256) NOT NULL
) ENGINE=InnoDB DEFAULT CHARSET=utf8;

--
-- Dumping data for table `track_animals`
--

INSERT INTO `track_animals` (`id`, `user_id`, `name`, `type`, `breed`, `description`, `color`, `image`, `date_create`) VALUES
(1, 6, 'Verbus', 'cat', 'ginger', 'consectetur fugiat cupidatat laboris ipsum esse culpa sit esse labore', 'brown', 'https://via.placeholder.com/400/858/fff/?text=Verbus', '2021-05-03 10:38:19'),
(2, 10, 'Niquent', 'cat', 'tuxedo', 'eiusmod non do eu ex ea cupidatat esse culpa non', 'black', 'https://via.placeholder.com/400/791/fff/?text=Niquent', '2021-10-14 05:54:39'),
(3, 5, 'Steelfab', 'horse', 'shetland', 'quis voluptate et enim proident adipisicing veniam sint minim irure', 'brown', 'https://via.placeholder.com/400/968/fff/?text=Steelfab', '2020-08-01 12:36:36'),
(4, 3, 'Geoform', 'horse', 'andalusian', 'in Lorem dolor excepteur labore esse eiusmod proident sunt consequat', 'mixed', 'https://via.placeholder.com/400/964/fff/?text=Geoform', '2020-01-23 07:58:35'),
(5, 8, 'Oulu', 'cat', 'siamese', 'minim dolore laborum mollit laboris duis nostrud in voluptate deserunt', 'white', 'https://via.placeholder.com/400/939/fff/?text=Oulu', '2021-04-19 09:22:47'),
(6, 7, 'Sealoud', 'horse', 'unicorn', 'ullamco aute do cupidatat voluptate dolore anim id cillum Lorem', 'brown', 'https://via.placeholder.com/400/749/fff/?text=Sealoud', '2021-03-01 07:55:50'),
(7, 6, 'Zillacom', 'cat', 'tuxedo', 'laborum adipisicing velit anim dolore nostrud officia aliquip qui veniam', 'black', 'https://via.placeholder.com/400/872/fff/?text=Zillacom', '2020-07-07 12:29:30'),
(8, 10, 'Entogrok', 'cat', 'ginger', 'sint nulla occaecat aute sunt laborum cillum ullamco aute mollit', 'mixed', 'https://via.placeholder.com/400/703/fff/?text=Entogrok', '2020-11-01 12:05:56'),
(9, 4, 'Zanity', 'horse', 'andalusian', 'aute irure qui id esse proident est non commodo aliqua', 'black', 'https://via.placeholder.com/400/721/fff/?text=Zanity', '2020-06-28 09:08:44'),
(10, 4, 'Maineland', 'cat', 'calico', 'consequat est et laboris in quis occaecat velit proident exercitation', 'brown', 'https://via.placeholder.com/400/960/fff/?text=Maineland', '2020-12-07 04:50:18'),
(11, 8, 'Slofast', 'horse', 'andalusian', 'ullamco culpa officia id do est fugiat culpa sunt nisi', 'brown', 'https://via.placeholder.com/400/977/fff/?text=Slofast', '2021-05-07 11:05:09'),
(12, 3, 'Earwax', 'horse', 'shetland', 'quis eu eiusmod nostrud incididunt commodo quis et do anim', 'brown', 'https://via.placeholder.com/400/912/fff/?text=Earwax', '2021-07-06 11:28:18'),
(13, 2, 'Oceanica', 'horse', 'andalusian', 'consequat eiusmod quis sunt nostrud elit sit in minim eiusmod', 'white', 'https://via.placeholder.com/400/748/fff/?text=Oceanica', '2020-07-14 06:04:56'),
(14, 9, 'Bittor', 'cat', 'calico', 'anim adipisicing laborum consectetur enim nostrud veniam anim nostrud anim', 'white', 'https://via.placeholder.com/400/893/fff/?text=Bittor', '2021-03-11 11:11:57'),
(15, 7, 'Immunics', 'horse', 'unicorn', 'anim incididunt eu consequat anim consectetur in anim irure occaecat', 'black', 'https://via.placeholder.com/400/840/fff/?text=Immunics', '2021-05-29 04:15:37'),
(16, 10, 'Zoinage', 'dog', 'labrador', 'ut esse cupidatat laboris aute pariatur cillum mollit adipisicing incididunt', 'black', 'https://via.placeholder.com/400/910/fff/?text=Zoinage', '2021-04-19 06:43:24'),
(17, 4, 'Techmania', 'cat', 'siamese', 'non magna exercitation veniam deserunt consequat duis nostrud ad pariatur', 'white', 'https://via.placeholder.com/400/904/fff/?text=Techmania', '2020-09-13 01:05:31'),
(18, 7, 'Comtent', 'cat', 'ginger', 'do qui occaecat Lorem ad amet ipsum aliqua veniam adipisicing', 'white', 'https://via.placeholder.com/400/711/fff/?text=Comtent', '2021-07-09 07:47:28'),
(19, 1, 'Magnemo', 'horse', 'shetland', 'dolor minim ullamco ea sint do dolor culpa labore ipsum', 'mixed', 'https://via.placeholder.com/400/973/fff/?text=Magnemo', '2021-02-27 01:03:45'),
(20, 3, 'Codax', 'horse', 'andalusian', 'quis dolor laborum ea cupidatat veniam sunt veniam ea ut', 'white', 'https://via.placeholder.com/400/701/fff/?text=Codax', '2020-08-13 01:26:27'),
(21, 2, 'Grainspot', 'horse', 'unicorn', 'laborum incididunt reprehenderit incididunt officia nulla magna eu aliqua eu', 'black', 'https://via.placeholder.com/400/760/fff/?text=Grainspot', '2020-05-20 11:46:25'),
(22, 1, 'Songbird', 'cat', 'ginger', 'labore veniam nisi dolore labore aliqua adipisicing culpa irure anim', 'white', 'https://via.placeholder.com/400/931/fff/?text=Songbird', '2021-10-18 09:19:40'),
(23, 8, 'Qiao', 'dog', 'labrador', 'commodo ea nostrud exercitation minim anim ipsum ullamco voluptate dolor', 'black', 'https://via.placeholder.com/400/915/fff/?text=Qiao', '2020-01-21 01:37:41'),
(24, 7, 'Comveyor', 'dog', 'labrador', 'tempor nulla excepteur enim in ullamco cillum ea tempor incididunt', 'brown', 'https://via.placeholder.com/400/721/fff/?text=Comveyor', '2020-08-21 10:11:46'),
(25, 8, 'Terrago', 'dog', 'labrador', 'ipsum est do tempor adipisicing officia aliquip commodo duis consequat', 'black', 'https://via.placeholder.com/400/965/fff/?text=Terrago', '2021-09-23 10:27:18'),
(26, 3, 'Securia', 'dog', 'labrador', 'fugiat sint labore magna consequat veniam id excepteur exercitation voluptate', 'white', 'https://via.placeholder.com/400/748/fff/?text=Securia', '2021-05-12 02:36:19'),
(27, 1, 'Xeronk', 'horse', 'andalusian', 'laboris ut exercitation esse aliqua ad occaecat commodo eu ut', 'mixed', 'https://via.placeholder.com/400/843/fff/?text=Xeronk', '2020-11-10 05:04:10'),
(28, 1, 'Accidency', 'dog', 'pitbull', 'ipsum culpa amet velit laboris est magna id mollit et', 'brown', 'https://via.placeholder.com/400/828/fff/?text=Accidency', '2021-03-18 11:47:36'),
(29, 4, 'Prowaste', 'cat', 'ginger', 'culpa occaecat eu ipsum culpa ad aliqua veniam ipsum aute', 'brown', 'https://via.placeholder.com/400/721/fff/?text=Prowaste', '2021-10-12 08:49:27'),
(30, 6, 'Geekfarm', 'cat', 'tuxedo', 'tempor nostrud veniam sint nisi ullamco cupidatat fugiat in aliqua', 'white', 'https://via.placeholder.com/400/714/fff/?text=Geekfarm', '2021-10-13 10:54:56'),
(31, 3, 'Geeknet', 'horse', 'andalusian', 'occaecat veniam voluptate deserunt incididunt esse cupidatat laboris est dolore', 'mixed', 'https://via.placeholder.com/400/712/fff/?text=Geeknet', '2021-01-23 02:24:25'),
(32, 1, 'Darwinium', 'cat', 'siamese', 'deserunt ex non sunt aute minim reprehenderit consequat in cupidatat', 'mixed', 'https://via.placeholder.com/400/702/fff/?text=Darwinium', '2021-03-21 03:27:11'),
(33, 10, 'Kidgrease', 'horse', 'shetland', 'fugiat dolore cupidatat mollit ex non mollit sint sunt consequat', 'black', 'https://via.placeholder.com/400/873/fff/?text=Kidgrease', '2021-10-14 04:06:27'),
(34, 7, 'Signity', 'cat', 'ginger', 'magna ullamco labore ea proident officia exercitation proident labore veniam', 'mixed', 'https://via.placeholder.com/400/989/fff/?text=Signity', '2021-03-25 08:05:45'),
(35, 10, 'Voipa', 'horse', 'andalusian', 'officia est nisi ut mollit veniam ullamco labore adipisicing ut', 'mixed', 'https://via.placeholder.com/400/915/fff/?text=Voipa', '2020-02-16 05:46:28'),
(36, 6, 'Calcula', 'dog', 'labrador', 'ut velit commodo cupidatat sint labore id consequat proident dolore', 'black', 'https://via.placeholder.com/400/772/fff/?text=Calcula', '2021-04-06 12:24:58'),
(37, 9, 'Zenco', 'dog', 'labrador', 'ex sit excepteur reprehenderit enim anim est exercitation sit ad', 'black', 'https://via.placeholder.com/400/831/fff/?text=Zenco', '2021-06-21 03:48:10'),
(38, 5, 'Dancerity', 'cat', 'tuxedo', 'esse magna amet exercitation tempor exercitation velit labore labore irure', 'white', 'https://via.placeholder.com/400/978/fff/?text=Dancerity', '2020-10-18 07:24:50'),
(39, 10, 'Applica', 'cat', 'tuxedo', 'ut ea irure dolore commodo consequat nulla qui consequat ea', 'black', 'https://via.placeholder.com/400/937/fff/?text=Applica', '2020-09-02 10:52:06'),
(40, 4, 'Comstar', 'cat', 'calico', 'proident deserunt mollit nulla irure velit ex minim voluptate officia', 'mixed', 'https://via.placeholder.com/400/840/fff/?text=Comstar', '2021-06-20 04:58:50'),
(41, 4, 'Adornica', 'dog', 'dachsund', 'eiusmod culpa eu incididunt sunt non mollit proident aliqua occaecat', 'black', 'https://via.placeholder.com/400/773/fff/?text=Adornica', '2021-01-23 03:53:32'),
(42, 4, 'Bristo', 'horse', 'unicorn', 'consequat do duis esse pariatur cillum laborum consequat aliquip excepteur', 'black', 'https://via.placeholder.com/400/787/fff/?text=Bristo', '2020-05-20 12:36:10'),
(43, 5, 'Orbixtar', 'cat', 'calico', 'consequat ea fugiat magna id consequat qui voluptate ad aliqua', 'black', 'https://via.placeholder.com/400/939/fff/?text=Orbixtar', '2020-05-18 04:03:39'),
(44, 10, 'Isologics', 'dog', 'labrador', 'esse fugiat id aliquip officia mollit id consequat ullamco commodo', 'mixed', 'https://via.placeholder.com/400/775/fff/?text=Isologics', '2020-01-31 10:06:29'),
(45, 4, 'Ecosys', 'cat', 'calico', 'ad reprehenderit minim eiusmod fugiat labore enim sunt nulla deserunt', 'brown', 'https://via.placeholder.com/400/836/fff/?text=Ecosys', '2021-02-25 03:11:16'),
(46, 9, 'Elentrix', 'dog', 'labrador', 'aliqua nisi anim esse excepteur aute laboris aliquip magna officia', 'black', 'https://via.placeholder.com/400/976/fff/?text=Elentrix', '2021-10-07 09:42:31'),
(47, 3, 'Bovis', 'horse', 'unicorn', 'in eiusmod et duis nulla magna excepteur culpa et occaecat', 'mixed', 'https://via.placeholder.com/400/862/fff/?text=Bovis', '2021-08-12 01:12:38'),
(48, 10, 'Mantrix', 'horse', 'unicorn', 'dolore est tempor quis esse irure cupidatat nisi consectetur nostrud', 'mixed', 'https://via.placeholder.com/400/980/fff/?text=Mantrix', '2020-12-28 03:56:56'),
(49, 4, 'Harmoney', 'cat', 'siamese', 'culpa nisi esse adipisicing amet enim esse non tempor aute', 'white', 'https://via.placeholder.com/400/814/fff/?text=Harmoney', '2020-03-11 11:50:49'),
(50, 2, 'Callflex', 'dog', 'pitbull', 'commodo exercitation officia et do ea commodo ad eu incididunt', 'brown', 'https://via.placeholder.com/400/970/fff/?text=Callflex', '2020-05-07 02:48:57');

-- --------------------------------------------------------

--
-- Table structure for table `track_locations`
--

CREATE TABLE `track_locations` (
  `id` int(13) NOT NULL,
  `animal_id` int(13) NOT NULL,
  `lat` decimal(9,6) NOT NULL,
  `lng` decimal(9,6) NOT NULL,
  `description` text NOT NULL,
  `photo` varchar(256) NOT NULL,
  `icon` varchar(256) NOT NULL,
  `date_create` varchar(256) NOT NULL
) ENGINE=InnoDB DEFAULT CHARSET=utf8;

--
-- Dumping data for table `track_locations`
--

INSERT INTO `track_locations` (`id`, `animal_id`, `lat`, `lng`, `description`, `photo`, `icon`, `date_create`) VALUES
(1, 49, '37.738609', '-122.471614', 'adipisicing cupidatat dolor cillum est velit fugiat tempor Lorem nostrud', 'https://via.placeholder.com/400/', 'https://via.placeholder.com/400/?text=ICON', '2020-05-18 11:04:26'),
(2, 5, '37.745448', '-122.458927', 'qui incididunt ipsum commodo laborum dolor cupidatat amet elit officia', 'https://via.placeholder.com/400/', 'https://via.placeholder.com/400/?text=ICON', '2020-07-22 11:43:38'),
(3, 19, '37.750695', '-122.415527', 'mollit nulla enim eu est aute do ut aliqua minim', 'https://via.placeholder.com/400/', 'https://via.placeholder.com/400/?text=ICON', '2021-07-24 02:37:22'),
(4, 34, '37.699830', '-122.458679', 'eu consequat fugiat Lorem et deserunt occaecat enim consequat qui', 'https://via.placeholder.com/400/', 'https://via.placeholder.com/400/?text=ICON', '2020-05-21 04:40:57'),
(5, 47, '37.795302', '-122.415057', 'sunt consequat commodo duis minim consectetur sit ipsum magna et', 'https://via.placeholder.com/400/', 'https://via.placeholder.com/400/?text=ICON', '2021-02-08 11:43:36'),
(6, 19, '37.788362', '-122.505926', 'cupidatat enim velit quis ea eu magna mollit irure exercitation', 'https://via.placeholder.com/400/', 'https://via.placeholder.com/400/?text=ICON', '2021-08-13 03:56:08'),
(7, 15, '37.710035', '-122.449424', 'proident magna non laboris consectetur cupidatat minim adipisicing aliquip labore', 'https://via.placeholder.com/400/', 'https://via.placeholder.com/400/?text=ICON', '2020-06-08 06:23:17'),
(8, 26, '37.784945', '-122.428850', 'laborum laboris fugiat magna in velit exercitation velit commodo ipsum', 'https://via.placeholder.com/400/', 'https://via.placeholder.com/400/?text=ICON', '2020-02-07 09:06:40'),
(9, 2, '37.750134', '-122.469141', 'nisi laboris dolore nisi pariatur Lorem fugiat id do in', 'https://via.placeholder.com/400/', 'https://via.placeholder.com/400/?text=ICON', '2021-10-10 05:40:53'),
(10, 20, '37.723578', '-122.468386', 'Lorem ullamco eiusmod quis labore mollit aliquip fugiat culpa sunt', 'https://via.placeholder.com/400/', 'https://via.placeholder.com/400/?text=ICON', '2020-03-08 09:13:53'),
(11, 12, '37.767405', '-122.427435', 'cupidatat incididunt sint nisi non ipsum excepteur est aute qui', 'https://via.placeholder.com/400/', 'https://via.placeholder.com/400/?text=ICON', '2020-12-28 01:49:29'),
(12, 34, '37.791766', '-122.494393', 'et qui irure eu irure velit aliqua est irure exercitation', 'https://via.placeholder.com/400/', 'https://via.placeholder.com/400/?text=ICON', '2020-08-20 03:36:16'),
(13, 1, '37.706591', '-122.459576', 'dolor aliquip dolor deserunt reprehenderit reprehenderit voluptate minim proident sunt', 'https://via.placeholder.com/400/', 'https://via.placeholder.com/400/?text=ICON', '2021-01-15 11:21:35'),
(14, 10, '37.781640', '-122.492681', 'enim ad sit nulla exercitation cupidatat fugiat sit nisi ex', 'https://via.placeholder.com/400/', 'https://via.placeholder.com/400/?text=ICON', '2020-10-04 01:47:37'),
(15, 31, '37.732292', '-122.502447', 'elit ut mollit velit aliqua ut reprehenderit ullamco ullamco aute', 'https://via.placeholder.com/400/', 'https://via.placeholder.com/400/?text=ICON', '2020-10-27 01:52:54'),
(16, 29, '37.734564', '-122.431471', 'adipisicing nulla veniam non aute officia in quis ullamco labore', 'https://via.placeholder.com/400/', 'https://via.placeholder.com/400/?text=ICON', '2021-02-08 09:41:10'),
(17, 3, '37.704119', '-122.445028', 'ut fugiat cupidatat ad nostrud elit incididunt ullamco mollit aute', 'https://via.placeholder.com/400/', 'https://via.placeholder.com/400/?text=ICON', '2021-05-05 06:48:42'),
(18, 6, '37.721407', '-122.499771', 'aliquip ipsum veniam voluptate laboris officia commodo consequat ea Lorem', 'https://via.placeholder.com/400/', 'https://via.placeholder.com/400/?text=ICON', '2021-09-22 11:29:51'),
(19, 17, '37.744992', '-122.393064', 'irure mollit ad nostrud minim quis culpa tempor incididunt excepteur', 'https://via.placeholder.com/400/', 'https://via.placeholder.com/400/?text=ICON', '2021-09-26 07:10:30'),
(20, 10, '37.718302', '-122.435785', 'aliquip Lorem voluptate velit dolore do id id dolore deserunt', 'https://via.placeholder.com/400/', 'https://via.placeholder.com/400/?text=ICON', '2021-01-17 09:30:13'),
(21, 32, '37.767795', '-122.461080', 'aliqua sint aute aliquip ex laborum minim aliqua excepteur id', 'https://via.placeholder.com/400/', 'https://via.placeholder.com/400/?text=ICON', '2020-10-13 12:15:47'),
(22, 39, '37.724676', '-122.424971', 'et nisi amet velit velit veniam laborum duis excepteur excepteur', 'https://via.placeholder.com/400/', 'https://via.placeholder.com/400/?text=ICON', '2020-07-14 08:20:41'),
(23, 37, '37.765371', '-122.497339', 'do incididunt incididunt velit tempor quis cupidatat est ullamco reprehenderit', 'https://via.placeholder.com/400/', 'https://via.placeholder.com/400/?text=ICON', '2021-04-09 09:26:42'),
(24, 41, '37.758027', '-122.454956', 'non aliquip id id non eu laborum enim aliqua laborum', 'https://via.placeholder.com/400/', 'https://via.placeholder.com/400/?text=ICON', '2020-06-14 04:31:27'),
(25, 17, '37.735459', '-122.479214', 'nostrud eu dolor proident adipisicing duis duis sint ullamco minim', 'https://via.placeholder.com/400/', 'https://via.placeholder.com/400/?text=ICON', '2020-03-30 11:55:02'),
(26, 21, '37.760450', '-122.481402', 'dolor minim sunt occaecat et in cillum consectetur aliqua fugiat', 'https://via.placeholder.com/400/', 'https://via.placeholder.com/400/?text=ICON', '2021-06-13 03:48:08'),
(27, 29, '37.715888', '-122.411580', 'magna adipisicing aute est veniam in in tempor laboris et', 'https://via.placeholder.com/400/', 'https://via.placeholder.com/400/?text=ICON', '2021-05-13 04:05:33'),
(28, 32, '37.766000', '-122.445202', 'et aliquip aliqua esse incididunt duis ad incididunt dolor quis', 'https://via.placeholder.com/400/', 'https://via.placeholder.com/400/?text=ICON', '2020-01-23 10:26:28'),
(29, 32, '37.749291', '-122.468007', 'nisi culpa enim ipsum Lorem Lorem consectetur proident velit aute', 'https://via.placeholder.com/400/', 'https://via.placeholder.com/400/?text=ICON', '2021-10-07 01:42:00'),
(30, 31, '37.773873', '-122.465524', 'excepteur eu quis aliquip reprehenderit reprehenderit qui ea cupidatat qui', 'https://via.placeholder.com/400/', 'https://via.placeholder.com/400/?text=ICON', '2020-11-30 08:30:16'),
(31, 47, '37.700635', '-122.405452', 'nostrud ex id do nostrud nulla non voluptate commodo laborum', 'https://via.placeholder.com/400/', 'https://via.placeholder.com/400/?text=ICON', '2020-07-06 04:55:30'),
(32, 39, '37.762324', '-122.505540', 'velit voluptate excepteur velit fugiat ad ut aliqua ex tempor', 'https://via.placeholder.com/400/', 'https://via.placeholder.com/400/?text=ICON', '2021-01-02 01:11:46'),
(33, 31, '37.699917', '-122.470756', 'sint ex eu magna eu deserunt cupidatat ullamco aliqua enim', 'https://via.placeholder.com/400/', 'https://via.placeholder.com/400/?text=ICON', '2020-03-08 05:53:32'),
(34, 9, '37.722259', '-122.482376', 'aliquip incididunt aliquip proident minim veniam consectetur labore id ex', 'https://via.placeholder.com/400/', 'https://via.placeholder.com/400/?text=ICON', '2020-10-23 03:20:16'),
(35, 50, '37.715364', '-122.439377', 'in voluptate eu occaecat cupidatat veniam anim enim officia ea', 'https://via.placeholder.com/400/', 'https://via.placeholder.com/400/?text=ICON', '2021-06-09 05:51:40'),
(36, 37, '37.785645', '-122.474068', 'commodo amet laborum non anim anim do cupidatat eu consectetur', 'https://via.placeholder.com/400/', 'https://via.placeholder.com/400/?text=ICON', '2021-04-12 10:01:04'),
(37, 31, '37.744394', '-122.459008', 'duis sint non eu tempor officia pariatur deserunt id proident', 'https://via.placeholder.com/400/', 'https://via.placeholder.com/400/?text=ICON', '2021-06-13 06:27:41'),
(38, 35, '37.785003', '-122.488428', 'ipsum culpa aliqua amet in qui laboris pariatur veniam consequat', 'https://via.placeholder.com/400/', 'https://via.placeholder.com/400/?text=ICON', '2020-07-09 10:38:17'),
(39, 24, '37.776029', '-122.430959', 'laborum adipisicing deserunt amet ipsum sit sint cillum ipsum ipsum', 'https://via.placeholder.com/400/', 'https://via.placeholder.com/400/?text=ICON', '2020-07-26 10:25:52'),
(40, 23, '37.757033', '-122.465296', 'amet in reprehenderit id laboris id excepteur ut proident minim', 'https://via.placeholder.com/400/', 'https://via.placeholder.com/400/?text=ICON', '2020-05-16 11:11:22'),
(41, 20, '37.755094', '-122.479843', 'consequat veniam commodo in est esse incididunt enim incididunt aliqua', 'https://via.placeholder.com/400/', 'https://via.placeholder.com/400/?text=ICON', '2020-05-10 10:26:50'),
(42, 5, '37.745347', '-122.390296', 'laboris minim anim laboris ipsum consequat duis ex labore magna', 'https://via.placeholder.com/400/', 'https://via.placeholder.com/400/?text=ICON', '2020-06-21 07:44:11'),
(43, 35, '37.756103', '-122.432207', 'aute culpa mollit Lorem ipsum occaecat et in nisi id', 'https://via.placeholder.com/400/', 'https://via.placeholder.com/400/?text=ICON', '2021-10-22 06:22:59'),
(44, 3, '37.704554', '-122.439407', 'esse dolore ex nulla laboris anim irure ad eiusmod ad', 'https://via.placeholder.com/400/', 'https://via.placeholder.com/400/?text=ICON', '2020-08-04 05:00:15'),
(45, 38, '37.728723', '-122.486441', 'pariatur sunt mollit est labore consectetur ut tempor id mollit', 'https://via.placeholder.com/400/', 'https://via.placeholder.com/400/?text=ICON', '2020-11-14 06:32:57'),
(46, 35, '37.719821', '-122.415508', 'ex consectetur adipisicing elit irure magna ad sit commodo do', 'https://via.placeholder.com/400/', 'https://via.placeholder.com/400/?text=ICON', '2020-03-02 10:30:54'),
(47, 34, '37.771610', '-122.471281', 'mollit est est officia aliquip in veniam sint pariatur voluptate', 'https://via.placeholder.com/400/', 'https://via.placeholder.com/400/?text=ICON', '2021-06-02 08:21:10'),
(48, 35, '37.717266', '-122.400457', 'sunt ea sit ea ullamco ea elit dolore laboris nisi', 'https://via.placeholder.com/400/', 'https://via.placeholder.com/400/?text=ICON', '2021-07-14 02:18:44'),
(49, 43, '37.705959', '-122.490120', 'exercitation proident est aliqua ex enim pariatur elit tempor voluptate', 'https://via.placeholder.com/400/', 'https://via.placeholder.com/400/?text=ICON', '2021-08-23 10:13:34'),
(50, 7, '37.786951', '-122.391457', 'non eiusmod aute enim est ea nisi culpa anim commodo', 'https://via.placeholder.com/400/', 'https://via.placeholder.com/400/?text=ICON', '2021-09-29 05:38:50'),
(51, 1, '37.781317', '-122.487724', 'sint nostrud ullamco ad dolore occaecat esse incididunt dolore commodo', 'https://via.placeholder.com/400/', 'https://via.placeholder.com/400/?text=ICON', '2021-07-12 09:41:24'),
(52, 40, '37.744950', '-122.466825', 'consectetur tempor commodo veniam Lorem id laborum laboris consectetur occaecat', 'https://via.placeholder.com/400/', 'https://via.placeholder.com/400/?text=ICON', '2020-01-05 10:22:13'),
(53, 25, '37.721325', '-122.419128', 'cupidatat elit laboris mollit aliquip commodo deserunt dolore mollit eiusmod', 'https://via.placeholder.com/400/', 'https://via.placeholder.com/400/?text=ICON', '2020-01-30 10:11:37'),
(54, 19, '37.763093', '-122.474417', 'pariatur consequat occaecat tempor aliqua excepteur esse nostrud nostrud duis', 'https://via.placeholder.com/400/', 'https://via.placeholder.com/400/?text=ICON', '2020-08-03 03:14:35'),
(55, 12, '37.784782', '-122.497681', 'proident nostrud sunt deserunt amet veniam excepteur excepteur reprehenderit sit', 'https://via.placeholder.com/400/', 'https://via.placeholder.com/400/?text=ICON', '2020-03-18 06:04:05'),
(56, 29, '37.756658', '-122.453799', 'dolor veniam et incididunt cupidatat ipsum excepteur cupidatat laborum laborum', 'https://via.placeholder.com/400/', 'https://via.placeholder.com/400/?text=ICON', '2021-01-13 04:21:53'),
(57, 12, '37.777840', '-122.496604', 'minim adipisicing qui reprehenderit aute non fugiat dolore do anim', 'https://via.placeholder.com/400/', 'https://via.placeholder.com/400/?text=ICON', '2020-12-23 10:09:57'),
(58, 9, '37.703220', '-122.397832', 'fugiat eu dolor laboris laboris tempor mollit anim exercitation reprehenderit', 'https://via.placeholder.com/400/', 'https://via.placeholder.com/400/?text=ICON', '2021-06-13 03:45:34'),
(59, 45, '37.743790', '-122.451104', 'et labore cupidatat labore quis reprehenderit mollit reprehenderit laborum exercitation', 'https://via.placeholder.com/400/', 'https://via.placeholder.com/400/?text=ICON', '2021-03-03 10:36:23'),
(60, 8, '37.741982', '-122.500121', 'aliquip officia non ad voluptate qui minim enim laborum veniam', 'https://via.placeholder.com/400/', 'https://via.placeholder.com/400/?text=ICON', '2020-04-08 10:00:15'),
(61, 47, '37.730300', '-122.429259', 'enim commodo aliquip duis in cillum irure aliquip occaecat officia', 'https://via.placeholder.com/400/', 'https://via.placeholder.com/400/?text=ICON', '2020-08-21 08:53:15'),
(62, 5, '37.795297', '-122.430382', 'id ut fugiat incididunt voluptate et sint eiusmod aliquip ipsum', 'https://via.placeholder.com/400/', 'https://via.placeholder.com/400/?text=ICON', '2020-05-11 11:26:32'),
(63, 22, '37.710775', '-122.447357', 'nisi sit irure cupidatat dolor sit enim eu est sint', 'https://via.placeholder.com/400/', 'https://via.placeholder.com/400/?text=ICON', '2020-11-02 05:07:28'),
(64, 13, '37.795025', '-122.484590', 'laborum ex incididunt reprehenderit labore nulla mollit amet enim esse', 'https://via.placeholder.com/400/', 'https://via.placeholder.com/400/?text=ICON', '2021-03-23 06:18:49'),
(65, 13, '37.706730', '-122.410481', 'velit excepteur dolore cillum quis Lorem tempor irure labore officia', 'https://via.placeholder.com/400/', 'https://via.placeholder.com/400/?text=ICON', '2021-05-05 11:02:30'),
(66, 42, '37.755524', '-122.452992', 'esse duis ea nulla Lorem tempor nostrud officia sunt qui', 'https://via.placeholder.com/400/', 'https://via.placeholder.com/400/?text=ICON', '2021-09-16 10:11:40'),
(67, 1, '37.740139', '-122.416487', 'minim esse ut non cupidatat ipsum deserunt ullamco nostrud reprehenderit', 'https://via.placeholder.com/400/', 'https://via.placeholder.com/400/?text=ICON', '2020-06-21 02:23:16'),
(68, 22, '37.751958', '-122.404541', 'esse reprehenderit qui est nulla cillum deserunt occaecat magna magna', 'https://via.placeholder.com/400/', 'https://via.placeholder.com/400/?text=ICON', '2020-07-31 04:39:16'),
(69, 7, '37.792621', '-122.443198', 'adipisicing fugiat pariatur ut et minim incididunt exercitation duis nisi', 'https://via.placeholder.com/400/', 'https://via.placeholder.com/400/?text=ICON', '2021-02-21 04:10:39'),
(70, 6, '37.708961', '-122.407037', 'ut aute aliquip duis ullamco esse pariatur Lorem dolor eiusmod', 'https://via.placeholder.com/400/', 'https://via.placeholder.com/400/?text=ICON', '2020-02-14 08:04:58'),
(71, 8, '37.737950', '-122.390803', 'in reprehenderit incididunt irure qui nisi commodo in dolor officia', 'https://via.placeholder.com/400/', 'https://via.placeholder.com/400/?text=ICON', '2021-10-20 04:19:11'),
(72, 27, '37.795710', '-122.500255', 'ea cupidatat Lorem est culpa nisi tempor voluptate exercitation quis', 'https://via.placeholder.com/400/', 'https://via.placeholder.com/400/?text=ICON', '2021-02-27 04:31:17'),
(73, 20, '37.710012', '-122.484624', 'est occaecat laboris adipisicing incididunt cupidatat amet dolore sit esse', 'https://via.placeholder.com/400/', 'https://via.placeholder.com/400/?text=ICON', '2020-02-25 05:56:56'),
(74, 1, '37.718478', '-122.446590', 'est irure ex deserunt quis aliqua in aliquip eu incididunt', 'https://via.placeholder.com/400/', 'https://via.placeholder.com/400/?text=ICON', '2021-08-13 04:59:41'),
(75, 15, '37.776930', '-122.432663', 'aliquip dolor Lorem ut culpa nulla fugiat consequat culpa ex', 'https://via.placeholder.com/400/', 'https://via.placeholder.com/400/?text=ICON', '2020-01-27 04:17:40'),
(76, 1, '37.787185', '-122.483372', 'elit elit proident aliquip cupidatat nisi quis ea incididunt qui', 'https://via.placeholder.com/400/', 'https://via.placeholder.com/400/?text=ICON', '2021-08-26 04:08:34'),
(77, 10, '37.732579', '-122.453634', 'quis ex magna consectetur Lorem exercitation incididunt ad Lorem velit', 'https://via.placeholder.com/400/', 'https://via.placeholder.com/400/?text=ICON', '2020-07-10 09:24:07'),
(78, 26, '37.699529', '-122.456214', 'aliquip adipisicing nostrud ex ipsum quis officia occaecat cillum deserunt', 'https://via.placeholder.com/400/', 'https://via.placeholder.com/400/?text=ICON', '2020-11-29 03:23:14'),
(79, 19, '37.789287', '-122.402949', 'minim non enim fugiat magna officia ea officia do sunt', 'https://via.placeholder.com/400/', 'https://via.placeholder.com/400/?text=ICON', '2021-05-13 11:00:48'),
(80, 12, '37.713654', '-122.405281', 'id consectetur fugiat tempor qui anim aliqua deserunt adipisicing occaecat', 'https://via.placeholder.com/400/', 'https://via.placeholder.com/400/?text=ICON', '2020-04-23 08:57:25'),
(81, 12, '37.704561', '-122.453920', 'dolor nisi fugiat quis et esse reprehenderit tempor incididunt anim', 'https://via.placeholder.com/400/', 'https://via.placeholder.com/400/?text=ICON', '2020-10-04 08:25:54'),
(82, 1, '37.720275', '-122.485267', 'ad veniam sint commodo qui excepteur labore elit et ea', 'https://via.placeholder.com/400/', 'https://via.placeholder.com/400/?text=ICON', '2021-07-14 08:07:05'),
(83, 32, '37.749762', '-122.465716', 'ex exercitation cupidatat consectetur ad est ipsum duis proident fugiat', 'https://via.placeholder.com/400/', 'https://via.placeholder.com/400/?text=ICON', '2020-05-09 03:48:09'),
(84, 41, '37.764341', '-122.442915', 'fugiat ea dolore deserunt aute labore sunt Lorem irure deserunt', 'https://via.placeholder.com/400/', 'https://via.placeholder.com/400/?text=ICON', '2020-06-06 09:59:19'),
(85, 15, '37.780328', '-122.433627', 'adipisicing ex deserunt et amet reprehenderit velit enim eiusmod nulla', 'https://via.placeholder.com/400/', 'https://via.placeholder.com/400/?text=ICON', '2021-02-24 11:40:25'),
(86, 36, '37.758166', '-122.433079', 'et commodo consequat fugiat incididunt aliquip qui adipisicing minim ut', 'https://via.placeholder.com/400/', 'https://via.placeholder.com/400/?text=ICON', '2020-07-07 07:24:02'),
(87, 42, '37.767641', '-122.411212', 'excepteur ipsum incididunt occaecat incididunt voluptate do aliqua est aliquip', 'https://via.placeholder.com/400/', 'https://via.placeholder.com/400/?text=ICON', '2020-07-13 07:40:38'),
(88, 6, '37.779677', '-122.399203', 'eu ipsum velit sint labore dolor duis velit velit consectetur', 'https://via.placeholder.com/400/', 'https://via.placeholder.com/400/?text=ICON', '2021-07-06 12:39:18'),
(89, 30, '37.725320', '-122.462022', 'qui eiusmod magna nulla Lorem magna reprehenderit exercitation dolore et', 'https://via.placeholder.com/400/', 'https://via.placeholder.com/400/?text=ICON', '2020-04-30 02:29:12'),
(90, 38, '37.731389', '-122.472964', 'culpa cupidatat veniam dolore esse incididunt culpa anim labore minim', 'https://via.placeholder.com/400/', 'https://via.placeholder.com/400/?text=ICON', '2020-10-25 08:51:34'),
(91, 19, '37.745112', '-122.472108', 'non labore laboris est laborum est Lorem aute ipsum minim', 'https://via.placeholder.com/400/', 'https://via.placeholder.com/400/?text=ICON', '2020-09-03 03:32:16'),
(92, 21, '37.771998', '-122.398111', 'tempor incididunt minim dolore nulla mollit voluptate commodo nulla sit', 'https://via.placeholder.com/400/', 'https://via.placeholder.com/400/?text=ICON', '2021-04-08 07:24:27'),
(93, 20, '37.763340', '-122.497076', 'magna aute minim cupidatat et irure laboris officia aliqua mollit', 'https://via.placeholder.com/400/', 'https://via.placeholder.com/400/?text=ICON', '2021-02-11 05:53:46'),
(94, 28, '37.727821', '-122.501838', 'ipsum dolore fugiat ea esse elit exercitation elit laboris ullamco', 'https://via.placeholder.com/400/', 'https://via.placeholder.com/400/?text=ICON', '2020-05-03 08:42:37'),
(95, 20, '37.781290', '-122.418825', 'aute officia quis labore cupidatat enim et ad enim velit', 'https://via.placeholder.com/400/', 'https://via.placeholder.com/400/?text=ICON', '2020-09-13 04:37:37'),
(96, 2, '37.705488', '-122.497819', 'nisi culpa est culpa excepteur labore magna aliqua adipisicing elit', 'https://via.placeholder.com/400/', 'https://via.placeholder.com/400/?text=ICON', '2021-09-14 01:45:34'),
(97, 4, '37.781509', '-122.415122', 'magna sunt eu exercitation tempor qui consequat aliqua eiusmod cillum', 'https://via.placeholder.com/400/', 'https://via.placeholder.com/400/?text=ICON', '2020-03-26 09:06:17'),
(98, 19, '37.761019', '-122.460508', 'ad tempor aliqua excepteur eiusmod eu duis irure officia eiusmod', 'https://via.placeholder.com/400/', 'https://via.placeholder.com/400/?text=ICON', '2021-10-27 07:15:08'),
(99, 37, '37.712147', '-122.494275', 'deserunt laborum tempor sunt quis id amet dolore consectetur non', 'https://via.placeholder.com/400/', 'https://via.placeholder.com/400/?text=ICON', '2021-08-13 03:47:05'),
(100, 40, '37.735946', '-122.491179', 'aute irure officia culpa aliqua laboris ad et cupidatat incididunt', 'https://via.placeholder.com/400/', 'https://via.placeholder.com/400/?text=ICON', '2021-09-13 07:44:31'),
(101, 18, '37.752434', '-122.403927', 'amet minim proident esse reprehenderit ullamco nostrud commodo veniam esse', 'https://via.placeholder.com/400/', 'https://via.placeholder.com/400/?text=ICON', '2020-06-10 07:54:01'),
(102, 35, '37.777608', '-122.444237', 'consequat mollit tempor proident elit laborum nulla adipisicing deserunt ea', 'https://via.placeholder.com/400/', 'https://via.placeholder.com/400/?text=ICON', '2021-02-06 11:41:39'),
(103, 27, '37.716333', '-122.503454', 'veniam amet dolore ad irure velit eu deserunt ea aliqua', 'https://via.placeholder.com/400/', 'https://via.placeholder.com/400/?text=ICON', '2020-03-22 06:21:17'),
(104, 8, '37.731593', '-122.414951', 'laborum ullamco consequat eiusmod occaecat eiusmod anim sit dolore eiusmod', 'https://via.placeholder.com/400/', 'https://via.placeholder.com/400/?text=ICON', '2021-01-22 05:34:55'),
(105, 43, '37.794872', '-122.410126', 'dolore et voluptate amet aute elit ut mollit minim nostrud', 'https://via.placeholder.com/400/', 'https://via.placeholder.com/400/?text=ICON', '2021-08-16 03:30:51'),
(106, 37, '37.742813', '-122.480103', 'velit tempor nisi voluptate pariatur sunt dolore excepteur pariatur non', 'https://via.placeholder.com/400/', 'https://via.placeholder.com/400/?text=ICON', '2021-10-22 12:50:20'),
(107, 22, '37.751903', '-122.433830', 'deserunt laboris magna cillum veniam tempor tempor irure eu veniam', 'https://via.placeholder.com/400/', 'https://via.placeholder.com/400/?text=ICON', '2020-08-17 03:53:43'),
(108, 4, '37.786237', '-122.404838', 'veniam laboris Lorem consectetur adipisicing dolor proident pariatur est incididunt', 'https://via.placeholder.com/400/', 'https://via.placeholder.com/400/?text=ICON', '2021-10-10 02:59:44'),
(109, 49, '37.750956', '-122.479392', 'qui est minim consequat consectetur consectetur aliqua cillum exercitation Lorem', 'https://via.placeholder.com/400/', 'https://via.placeholder.com/400/?text=ICON', '2020-05-11 04:44:16'),
(110, 24, '37.775082', '-122.434934', 'dolore labore amet laboris cillum proident adipisicing esse nostrud incididunt', 'https://via.placeholder.com/400/', 'https://via.placeholder.com/400/?text=ICON', '2020-01-07 02:26:09'),
(111, 29, '37.701268', '-122.408704', 'esse sunt Lorem id est tempor proident velit irure non', 'https://via.placeholder.com/400/', 'https://via.placeholder.com/400/?text=ICON', '2020-09-19 06:55:27'),
(112, 13, '37.782829', '-122.488356', 'ullamco occaecat aliquip consectetur minim eu ea non nisi eu', 'https://via.placeholder.com/400/', 'https://via.placeholder.com/400/?text=ICON', '2021-09-22 11:08:50'),
(113, 19, '37.723605', '-122.447992', 'Lorem adipisicing occaecat voluptate ut ipsum magna officia minim Lorem', 'https://via.placeholder.com/400/', 'https://via.placeholder.com/400/?text=ICON', '2021-06-13 11:50:11'),
(114, 2, '37.702699', '-122.398195', 'consectetur commodo nulla ad adipisicing do exercitation deserunt occaecat commodo', 'https://via.placeholder.com/400/', 'https://via.placeholder.com/400/?text=ICON', '2021-06-01 12:00:00'),
(115, 17, '37.713502', '-122.421668', 'eu aliquip deserunt deserunt veniam sint cillum tempor eiusmod voluptate', 'https://via.placeholder.com/400/', 'https://via.placeholder.com/400/?text=ICON', '2020-07-19 04:50:04'),
(116, 19, '37.757354', '-122.499095', 'commodo commodo qui tempor proident consequat esse amet labore aute', 'https://via.placeholder.com/400/', 'https://via.placeholder.com/400/?text=ICON', '2021-07-09 01:40:22'),
(117, 14, '37.770499', '-122.418152', 'ad culpa Lorem fugiat sint tempor ad non ullamco nostrud', 'https://via.placeholder.com/400/', 'https://via.placeholder.com/400/?text=ICON', '2021-04-24 12:25:39'),
(118, 17, '37.731800', '-122.498407', 'tempor sunt ullamco consectetur nulla tempor laboris tempor est aute', 'https://via.placeholder.com/400/', 'https://via.placeholder.com/400/?text=ICON', '2020-11-08 09:50:17'),
(119, 17, '37.770168', '-122.430502', 'et incididunt anim id sint eu et consequat adipisicing laborum', 'https://via.placeholder.com/400/', 'https://via.placeholder.com/400/?text=ICON', '2021-05-02 06:24:18'),
(120, 9, '37.773170', '-122.447705', 'eu nostrud cupidatat aliqua qui anim aliquip voluptate duis nostrud', 'https://via.placeholder.com/400/', 'https://via.placeholder.com/400/?text=ICON', '2020-11-29 09:23:24'),
(121, 16, '37.740311', '-122.442902', 'occaecat Lorem quis Lorem amet proident id est aliquip qui', 'https://via.placeholder.com/400/', 'https://via.placeholder.com/400/?text=ICON', '2020-07-29 07:19:02'),
(122, 33, '37.705895', '-122.451147', 'fugiat aute officia mollit amet sunt ad consectetur sint tempor', 'https://via.placeholder.com/400/', 'https://via.placeholder.com/400/?text=ICON', '2020-08-24 06:49:03'),
(123, 12, '37.700713', '-122.485254', 'in do laboris deserunt eu reprehenderit in qui officia sunt', 'https://via.placeholder.com/400/', 'https://via.placeholder.com/400/?text=ICON', '2020-01-24 01:40:56'),
(124, 20, '37.731358', '-122.442758', 'reprehenderit labore esse nostrud eu eu nisi occaecat deserunt veniam', 'https://via.placeholder.com/400/', 'https://via.placeholder.com/400/?text=ICON', '2020-06-07 11:00:54'),
(125, 6, '37.763770', '-122.393080', 'minim pariatur ullamco est qui non culpa quis eiusmod enim', 'https://via.placeholder.com/400/', 'https://via.placeholder.com/400/?text=ICON', '2021-06-21 08:26:30'),
(126, 50, '37.719585', '-122.443934', 'in elit veniam ipsum ipsum in adipisicing est elit excepteur', 'https://via.placeholder.com/400/', 'https://via.placeholder.com/400/?text=ICON', '2020-05-16 04:00:12'),
(127, 8, '37.755642', '-122.466825', 'duis do et reprehenderit sit commodo enim et ullamco laboris', 'https://via.placeholder.com/400/', 'https://via.placeholder.com/400/?text=ICON', '2021-02-26 12:29:36'),
(128, 50, '37.787582', '-122.396611', 'mollit dolore nisi magna cupidatat cillum deserunt excepteur ad adipisicing', 'https://via.placeholder.com/400/', 'https://via.placeholder.com/400/?text=ICON', '2021-02-24 01:08:50'),
(129, 32, '37.784806', '-122.444000', 'est exercitation sunt pariatur duis quis ea veniam dolore ea', 'https://via.placeholder.com/400/', 'https://via.placeholder.com/400/?text=ICON', '2020-02-19 04:35:54'),
(130, 15, '37.708198', '-122.490328', 'mollit anim eu fugiat officia culpa magna do dolor voluptate', 'https://via.placeholder.com/400/', 'https://via.placeholder.com/400/?text=ICON', '2021-04-19 04:31:45'),
(131, 42, '37.699555', '-122.410027', 'consequat qui laboris irure aliquip amet ut ullamco id consectetur', 'https://via.placeholder.com/400/', 'https://via.placeholder.com/400/?text=ICON', '2021-10-11 05:32:45'),
(132, 5, '37.796720', '-122.483333', 'reprehenderit Lorem amet consectetur magna laboris cupidatat minim cillum commodo', 'https://via.placeholder.com/400/', 'https://via.placeholder.com/400/?text=ICON', '2020-10-24 07:06:02'),
(133, 2, '37.759933', '-122.479968', 'exercitation occaecat cupidatat enim exercitation fugiat velit et sit aute', 'https://via.placeholder.com/400/', 'https://via.placeholder.com/400/?text=ICON', '2020-12-03 09:37:20'),
(134, 14, '37.731325', '-122.461156', 'in officia qui veniam fugiat est sint adipisicing id quis', 'https://via.placeholder.com/400/', 'https://via.placeholder.com/400/?text=ICON', '2020-05-05 06:41:39'),
(135, 35, '37.722626', '-122.499568', 'proident est et adipisicing adipisicing quis ea non in duis', 'https://via.placeholder.com/400/', 'https://via.placeholder.com/400/?text=ICON', '2021-10-10 05:16:41'),
(136, 21, '37.713678', '-122.405225', 'in duis tempor ullamco voluptate ea veniam mollit eiusmod consequat', 'https://via.placeholder.com/400/', 'https://via.placeholder.com/400/?text=ICON', '2021-08-27 03:15:49'),
(137, 40, '37.717096', '-122.393585', 'minim quis occaecat magna reprehenderit ex culpa sit commodo incididunt', 'https://via.placeholder.com/400/', 'https://via.placeholder.com/400/?text=ICON', '2020-05-28 10:09:57'),
(138, 7, '37.713446', '-122.461205', 'pariatur ex reprehenderit mollit cupidatat exercitation amet commodo dolore proident', 'https://via.placeholder.com/400/', 'https://via.placeholder.com/400/?text=ICON', '2020-09-04 02:25:18'),
(139, 24, '37.801027', '-122.405333', 'nostrud dolor magna quis culpa aliqua culpa sint labore eu', 'https://via.placeholder.com/400/', 'https://via.placeholder.com/400/?text=ICON', '2021-04-28 12:57:08'),
(140, 34, '37.795362', '-122.401761', 'irure elit velit excepteur est voluptate nostrud consequat qui qui', 'https://via.placeholder.com/400/', 'https://via.placeholder.com/400/?text=ICON', '2020-04-11 02:34:13'),
(141, 33, '37.798928', '-122.424229', 'sunt exercitation voluptate fugiat tempor aliqua quis exercitation consectetur non', 'https://via.placeholder.com/400/', 'https://via.placeholder.com/400/?text=ICON', '2020-10-12 02:53:13'),
(142, 4, '37.758013', '-122.397085', 'exercitation do tempor mollit irure aliquip ipsum aute laborum aute', 'https://via.placeholder.com/400/', 'https://via.placeholder.com/400/?text=ICON', '2021-08-17 02:58:16'),
(143, 5, '37.712212', '-122.473731', 'aliqua ullamco laborum dolor in eiusmod culpa ut anim incididunt', 'https://via.placeholder.com/400/', 'https://via.placeholder.com/400/?text=ICON', '2020-06-25 03:03:46'),
(144, 13, '37.789276', '-122.416460', 'ex adipisicing proident laborum culpa irure eiusmod amet fugiat ullamco', 'https://via.placeholder.com/400/', 'https://via.placeholder.com/400/?text=ICON', '2020-06-20 10:32:23'),
(145, 15, '37.707803', '-122.398495', 'aliquip dolor esse anim laboris sunt ad ea laboris aliqua', 'https://via.placeholder.com/400/', 'https://via.placeholder.com/400/?text=ICON', '2020-06-26 04:28:07'),
(146, 44, '37.716478', '-122.502675', 'Lorem sunt sunt et dolore do nisi enim deserunt incididunt', 'https://via.placeholder.com/400/', 'https://via.placeholder.com/400/?text=ICON', '2021-02-08 04:16:34'),
(147, 9, '37.784430', '-122.436832', 'cillum nostrud eiusmod exercitation eu eiusmod duis duis do culpa', 'https://via.placeholder.com/400/', 'https://via.placeholder.com/400/?text=ICON', '2021-10-23 05:53:08'),
(148, 39, '37.748637', '-122.415069', 'consectetur culpa ad ullamco voluptate duis pariatur voluptate ut irure', 'https://via.placeholder.com/400/', 'https://via.placeholder.com/400/?text=ICON', '2020-09-21 11:40:24'),
(149, 26, '37.734542', '-122.438081', 'sit labore id Lorem occaecat nostrud ex duis Lorem aliqua', 'https://via.placeholder.com/400/', 'https://via.placeholder.com/400/?text=ICON', '2020-04-01 09:57:52'),
(150, 7, '37.780689', '-122.490017', 'do ea quis do ullamco est minim et irure aliquip', 'https://via.placeholder.com/400/', 'https://via.placeholder.com/400/?text=ICON', '2021-01-20 12:07:59'),
(151, 49, '37.733748', '-122.500849', 'fugiat veniam cupidatat consequat magna veniam ad in eiusmod nostrud', 'https://via.placeholder.com/400/', 'https://via.placeholder.com/400/?text=ICON', '2020-09-27 04:22:20'),
(152, 4, '37.719886', '-122.449173', 'non amet dolore esse excepteur est exercitation laboris voluptate officia', 'https://via.placeholder.com/400/', 'https://via.placeholder.com/400/?text=ICON', '2020-05-21 11:07:22'),
(153, 9, '37.752690', '-122.457330', 'commodo sit nulla non aliqua ea amet consequat dolor cupidatat', 'https://via.placeholder.com/400/', 'https://via.placeholder.com/400/?text=ICON', '2020-01-10 03:14:18'),
(154, 35, '37.716668', '-122.501793', 'est Lorem occaecat Lorem esse exercitation quis nostrud commodo adipisicing', 'https://via.placeholder.com/400/', 'https://via.placeholder.com/400/?text=ICON', '2020-03-17 09:22:11'),
(155, 45, '37.716458', '-122.457954', 'nulla anim do ut duis veniam anim duis eu aliqua', 'https://via.placeholder.com/400/', 'https://via.placeholder.com/400/?text=ICON', '2021-08-21 04:34:30'),
(156, 29, '37.764768', '-122.492375', 'esse nisi dolor nulla adipisicing quis non laboris est nulla', 'https://via.placeholder.com/400/', 'https://via.placeholder.com/400/?text=ICON', '2021-03-28 10:26:24'),
(157, 47, '37.771049', '-122.397412', 'laboris magna ipsum dolor aliquip commodo excepteur reprehenderit incididunt in', 'https://via.placeholder.com/400/', 'https://via.placeholder.com/400/?text=ICON', '2021-06-19 04:04:20'),
(158, 17, '37.716253', '-122.503094', 'sit enim culpa ex exercitation qui pariatur id ut nulla', 'https://via.placeholder.com/400/', 'https://via.placeholder.com/400/?text=ICON', '2021-04-05 10:38:41'),
(159, 39, '37.743021', '-122.476939', 'veniam excepteur adipisicing esse amet consequat proident do non officia', 'https://via.placeholder.com/400/', 'https://via.placeholder.com/400/?text=ICON', '2021-07-01 08:49:57'),
(160, 50, '37.772714', '-122.420036', 'pariatur deserunt sunt nisi commodo pariatur cupidatat adipisicing magna irure', 'https://via.placeholder.com/400/', 'https://via.placeholder.com/400/?text=ICON', '2020-11-18 08:26:28'),
(161, 42, '37.760354', '-122.434912', 'deserunt ad ex fugiat cupidatat proident in aute tempor dolor', 'https://via.placeholder.com/400/', 'https://via.placeholder.com/400/?text=ICON', '2020-10-27 07:05:08'),
(162, 5, '37.790137', '-122.404945', 'qui culpa veniam reprehenderit anim reprehenderit minim incididunt adipisicing velit', 'https://via.placeholder.com/400/', 'https://via.placeholder.com/400/?text=ICON', '2020-01-15 11:22:16'),
(163, 46, '37.797614', '-122.464973', 'ut proident quis quis dolore veniam proident eu enim sit', 'https://via.placeholder.com/400/', 'https://via.placeholder.com/400/?text=ICON', '2021-08-08 05:35:55'),
(164, 11, '37.782617', '-122.452393', 'qui non sit irure sint commodo consectetur exercitation proident dolor', 'https://via.placeholder.com/400/', 'https://via.placeholder.com/400/?text=ICON', '2020-02-02 02:52:48'),
(165, 43, '37.791854', '-122.463617', 'sint magna cupidatat nulla et irure enim sint aliquip excepteur', 'https://via.placeholder.com/400/', 'https://via.placeholder.com/400/?text=ICON', '2021-05-30 06:31:48'),
(166, 16, '37.791128', '-122.460796', 'commodo deserunt consectetur ea ex reprehenderit do laborum occaecat ut', 'https://via.placeholder.com/400/', 'https://via.placeholder.com/400/?text=ICON', '2021-02-24 03:37:31'),
(167, 23, '37.769244', '-122.478534', 'eiusmod et velit pariatur proident cupidatat labore deserunt amet non', 'https://via.placeholder.com/400/', 'https://via.placeholder.com/400/?text=ICON', '2021-01-27 04:26:50'),
(168, 30, '37.797584', '-122.421485', 'irure eiusmod officia eu nulla in minim nostrud nostrud excepteur', 'https://via.placeholder.com/400/', 'https://via.placeholder.com/400/?text=ICON', '2020-01-17 04:37:57'),
(169, 32, '37.762661', '-122.499268', 'ea nisi pariatur sint laboris laboris magna laboris aliqua aute', 'https://via.placeholder.com/400/', 'https://via.placeholder.com/400/?text=ICON', '2021-05-08 06:26:47'),
(170, 40, '37.735971', '-122.466666', 'duis et ex irure nostrud ad pariatur irure id deserunt', 'https://via.placeholder.com/400/', 'https://via.placeholder.com/400/?text=ICON', '2020-09-28 09:23:21'),
(171, 29, '37.722931', '-122.490549', 'laborum ex ipsum cupidatat in est officia nisi ut veniam', 'https://via.placeholder.com/400/', 'https://via.placeholder.com/400/?text=ICON', '2020-04-20 03:19:13'),
(172, 8, '37.734248', '-122.434358', 'excepteur irure nostrud in qui minim anim veniam do aute', 'https://via.placeholder.com/400/', 'https://via.placeholder.com/400/?text=ICON', '2021-06-10 03:30:22'),
(173, 3, '37.747638', '-122.445276', 'occaecat qui non anim sunt duis ex in in cupidatat', 'https://via.placeholder.com/400/', 'https://via.placeholder.com/400/?text=ICON', '2020-10-19 11:37:31'),
(174, 6, '37.742669', '-122.482473', 'nisi eiusmod exercitation nisi nostrud labore tempor excepteur elit esse', 'https://via.placeholder.com/400/', 'https://via.placeholder.com/400/?text=ICON', '2020-01-30 12:06:04'),
(175, 17, '37.724312', '-122.504968', 'minim in deserunt ipsum nostrud veniam sunt elit dolor Lorem', 'https://via.placeholder.com/400/', 'https://via.placeholder.com/400/?text=ICON', '2020-07-08 04:14:18'),
(176, 42, '37.786915', '-122.399296', 'ipsum velit nisi qui laboris id sit aute enim sit', 'https://via.placeholder.com/400/', 'https://via.placeholder.com/400/?text=ICON', '2021-09-18 10:49:44'),
(177, 14, '37.791222', '-122.505756', 'ullamco quis nulla proident qui consectetur ut laboris sunt sit', 'https://via.placeholder.com/400/', 'https://via.placeholder.com/400/?text=ICON', '2020-02-04 09:42:03'),
(178, 30, '37.729365', '-122.396825', 'cupidatat exercitation laborum aute aliqua laborum qui esse tempor anim', 'https://via.placeholder.com/400/', 'https://via.placeholder.com/400/?text=ICON', '2020-02-25 02:54:28'),
(179, 35, '37.744488', '-122.489561', 'excepteur aliquip veniam aliquip Lorem commodo anim nostrud nisi quis', 'https://via.placeholder.com/400/', 'https://via.placeholder.com/400/?text=ICON', '2020-11-07 06:15:54'),
(180, 6, '37.759993', '-122.454823', 'cillum tempor amet ut do dolor excepteur incididunt do minim', 'https://via.placeholder.com/400/', 'https://via.placeholder.com/400/?text=ICON', '2021-10-17 02:12:17'),
(181, 14, '37.700270', '-122.436482', 'consectetur veniam ad nisi ullamco labore enim est deserunt labore', 'https://via.placeholder.com/400/', 'https://via.placeholder.com/400/?text=ICON', '2020-12-16 12:35:27'),
(182, 20, '37.766963', '-122.408349', 'veniam amet dolore nulla ad labore et eiusmod sunt exercitation', 'https://via.placeholder.com/400/', 'https://via.placeholder.com/400/?text=ICON', '2020-02-15 01:05:32'),
(183, 9, '37.745370', '-122.405748', 'enim sunt enim enim minim sit proident nulla laboris aute', 'https://via.placeholder.com/400/', 'https://via.placeholder.com/400/?text=ICON', '2020-06-18 07:06:13'),
(184, 31, '37.785712', '-122.468479', 'esse ut minim elit deserunt sint ea duis reprehenderit reprehenderit', 'https://via.placeholder.com/400/', 'https://via.placeholder.com/400/?text=ICON', '2020-03-13 02:16:13'),
(185, 33, '37.784520', '-122.488356', 'cillum deserunt ullamco incididunt ea deserunt amet ea minim tempor', 'https://via.placeholder.com/400/', 'https://via.placeholder.com/400/?text=ICON', '2021-02-26 04:01:55'),
(186, 14, '37.765446', '-122.476438', 'proident irure cillum cillum cupidatat ipsum ut ipsum consequat occaecat', 'https://via.placeholder.com/400/', 'https://via.placeholder.com/400/?text=ICON', '2021-04-23 02:21:34'),
(187, 40, '37.744974', '-122.432638', 'aute cupidatat nulla cupidatat excepteur ullamco Lorem nulla consectetur nostrud', 'https://via.placeholder.com/400/', 'https://via.placeholder.com/400/?text=ICON', '2020-02-12 06:34:32'),
(188, 49, '37.731382', '-122.498575', 'est proident enim incididunt id mollit culpa enim ipsum amet', 'https://via.placeholder.com/400/', 'https://via.placeholder.com/400/?text=ICON', '2020-01-29 06:15:50'),
(189, 20, '37.708139', '-122.436093', 'nisi esse deserunt sint esse culpa voluptate deserunt laboris officia', 'https://via.placeholder.com/400/', 'https://via.placeholder.com/400/?text=ICON', '2021-06-03 12:30:34'),
(190, 39, '37.730780', '-122.455341', 'sunt excepteur adipisicing quis cupidatat ex deserunt aute commodo Lorem', 'https://via.placeholder.com/400/', 'https://via.placeholder.com/400/?text=ICON', '2021-10-16 04:33:46'),
(191, 41, '37.751306', '-122.403882', 'irure dolore dolore quis esse do velit Lorem et id', 'https://via.placeholder.com/400/', 'https://via.placeholder.com/400/?text=ICON', '2020-07-18 02:30:03'),
(192, 36, '37.725510', '-122.487736', 'fugiat consectetur et incididunt in sunt amet elit velit consectetur', 'https://via.placeholder.com/400/', 'https://via.placeholder.com/400/?text=ICON', '2020-09-12 07:07:13'),
(193, 43, '37.710838', '-122.474818', 'proident laborum excepteur aute nulla incididunt deserunt eu est id', 'https://via.placeholder.com/400/', 'https://via.placeholder.com/400/?text=ICON', '2020-06-24 12:56:05'),
(194, 33, '37.728132', '-122.500549', 'non amet mollit esse sint velit sit cillum nisi non', 'https://via.placeholder.com/400/', 'https://via.placeholder.com/400/?text=ICON', '2020-03-16 01:33:16'),
(195, 13, '37.754362', '-122.440379', 'nisi ea Lorem culpa mollit labore deserunt ex nulla commodo', 'https://via.placeholder.com/400/', 'https://via.placeholder.com/400/?text=ICON', '2021-01-04 08:40:24'),
(196, 18, '37.704088', '-122.458157', 'sint nulla eu ipsum culpa minim mollit cupidatat qui sit', 'https://via.placeholder.com/400/', 'https://via.placeholder.com/400/?text=ICON', '2021-10-14 06:31:10'),
(197, 6, '37.763513', '-122.458374', 'aliquip eiusmod tempor sunt est amet eu commodo aliquip ut', 'https://via.placeholder.com/400/', 'https://via.placeholder.com/400/?text=ICON', '2020-06-25 01:34:31'),
(198, 3, '37.776489', '-122.504389', 'Lorem ullamco qui ipsum cupidatat labore id tempor duis amet', 'https://via.placeholder.com/400/', 'https://via.placeholder.com/400/?text=ICON', '2021-07-02 06:27:55'),
(199, 8, '37.756647', '-122.478130', 'amet nulla aliquip mollit magna anim labore commodo aliqua eu', 'https://via.placeholder.com/400/', 'https://via.placeholder.com/400/?text=ICON', '2020-10-28 06:07:36'),
(200, 35, '37.779655', '-122.393067', 'minim ea consectetur mollit ad laboris in labore dolore eiusmod', 'https://via.placeholder.com/400/', 'https://via.placeholder.com/400/?text=ICON', '2021-10-05 01:25:10'),
(201, 13, '37.763091', '-122.427052', 'quis id esse officia sunt enim occaecat reprehenderit ad aliquip', 'https://via.placeholder.com/400/', 'https://via.placeholder.com/400/?text=ICON', '2021-05-18 05:12:31'),
(202, 48, '37.770741', '-122.421901', 'esse cupidatat do magna culpa et ea do aliquip fugiat', 'https://via.placeholder.com/400/', 'https://via.placeholder.com/400/?text=ICON', '2020-04-02 05:04:14'),
(203, 8, '37.714952', '-122.423234', 'quis non laborum consequat id veniam duis sit dolor ullamco', 'https://via.placeholder.com/400/', 'https://via.placeholder.com/400/?text=ICON', '2021-03-16 06:35:04'),
(204, 29, '37.704452', '-122.495999', 'occaecat qui irure reprehenderit laboris ut Lorem duis voluptate ipsum', 'https://via.placeholder.com/400/', 'https://via.placeholder.com/400/?text=ICON', '2020-09-29 08:20:33'),
(205, 42, '37.701843', '-122.430605', 'eu labore cillum duis nulla quis tempor excepteur sint esse', 'https://via.placeholder.com/400/', 'https://via.placeholder.com/400/?text=ICON', '2020-10-02 07:29:18'),
(206, 20, '37.743821', '-122.492820', 'fugiat ut sit id magna fugiat aliquip nisi velit id', 'https://via.placeholder.com/400/', 'https://via.placeholder.com/400/?text=ICON', '2021-07-14 11:57:48'),
(207, 28, '37.739413', '-122.443079', 'sint duis esse dolore consequat nostrud amet nostrud quis nostrud', 'https://via.placeholder.com/400/', 'https://via.placeholder.com/400/?text=ICON', '2021-01-05 08:01:46'),
(208, 44, '37.730473', '-122.501831', 'incididunt ullamco ex voluptate cupidatat exercitation eiusmod eiusmod Lorem anim', 'https://via.placeholder.com/400/', 'https://via.placeholder.com/400/?text=ICON', '2021-03-30 02:30:00'),
(209, 17, '37.798331', '-122.459233', 'est reprehenderit nostrud excepteur aute ea non fugiat excepteur irure', 'https://via.placeholder.com/400/', 'https://via.placeholder.com/400/?text=ICON', '2020-04-04 10:35:01'),
(210, 39, '37.702000', '-122.491662', 'dolore ut ea minim id magna irure aute irure enim', 'https://via.placeholder.com/400/', 'https://via.placeholder.com/400/?text=ICON', '2020-08-22 01:07:30'),
(211, 40, '37.779738', '-122.505471', 'sit pariatur pariatur nostrud deserunt dolor est anim dolor enim', 'https://via.placeholder.com/400/', 'https://via.placeholder.com/400/?text=ICON', '2020-01-16 01:01:04'),
(212, 19, '37.793348', '-122.424537', 'amet sunt ullamco voluptate esse sint reprehenderit cupidatat elit veniam', 'https://via.placeholder.com/400/', 'https://via.placeholder.com/400/?text=ICON', '2021-10-07 03:20:35'),
(213, 19, '37.716380', '-122.389581', 'sint do mollit nostrud aliquip in pariatur veniam cupidatat qui', 'https://via.placeholder.com/400/', 'https://via.placeholder.com/400/?text=ICON', '2020-11-25 04:18:35'),
(214, 9, '37.716807', '-122.420900', 'magna elit nisi cillum Lorem sunt cillum culpa dolor enim', 'https://via.placeholder.com/400/', 'https://via.placeholder.com/400/?text=ICON', '2021-08-04 11:31:36'),
(215, 34, '37.705137', '-122.488124', 'voluptate dolore irure veniam dolor deserunt cillum esse in pariatur', 'https://via.placeholder.com/400/', 'https://via.placeholder.com/400/?text=ICON', '2020-10-23 09:06:17'),
(216, 18, '37.801134', '-122.404425', 'excepteur do ad consectetur labore quis id ipsum Lorem duis', 'https://via.placeholder.com/400/', 'https://via.placeholder.com/400/?text=ICON', '2020-10-09 06:15:37'),
(217, 32, '37.730198', '-122.472134', 'non ut ea quis enim incididunt esse cupidatat sit anim', 'https://via.placeholder.com/400/', 'https://via.placeholder.com/400/?text=ICON', '2021-08-10 12:08:55'),
(218, 45, '37.717113', '-122.413810', 'anim nostrud amet mollit enim dolore occaecat laboris officia pariatur', 'https://via.placeholder.com/400/', 'https://via.placeholder.com/400/?text=ICON', '2020-03-27 02:16:16'),
(219, 5, '37.767861', '-122.500877', 'enim irure elit ad cupidatat amet occaecat elit est id', 'https://via.placeholder.com/400/', 'https://via.placeholder.com/400/?text=ICON', '2021-09-06 03:27:42'),
(220, 45, '37.724319', '-122.478453', 'sint consequat deserunt id id id do eiusmod dolore eu', 'https://via.placeholder.com/400/', 'https://via.placeholder.com/400/?text=ICON', '2020-07-23 09:11:09'),
(221, 49, '37.707194', '-122.421766', 'irure nostrud officia fugiat id elit sint exercitation tempor minim', 'https://via.placeholder.com/400/', 'https://via.placeholder.com/400/?text=ICON', '2021-02-22 06:28:10'),
(222, 42, '37.757601', '-122.401526', 'tempor labore ullamco quis elit velit aliquip aute laborum magna', 'https://via.placeholder.com/400/', 'https://via.placeholder.com/400/?text=ICON', '2021-09-15 08:39:44'),
(223, 11, '37.730627', '-122.473688', 'mollit tempor culpa ea eu culpa exercitation aliquip aute aute', 'https://via.placeholder.com/400/', 'https://via.placeholder.com/400/?text=ICON', '2021-03-23 10:10:01'),
(224, 40, '37.797577', '-122.501685', 'deserunt id minim eiusmod tempor amet eiusmod adipisicing mollit irure', 'https://via.placeholder.com/400/', 'https://via.placeholder.com/400/?text=ICON', '2020-09-08 03:56:47'),
(225, 21, '37.799700', '-122.498524', 'aute proident nostrud proident eiusmod amet incididunt do nostrud nulla', 'https://via.placeholder.com/400/', 'https://via.placeholder.com/400/?text=ICON', '2020-05-01 01:02:27'),
(226, 45, '37.748280', '-122.441027', 'labore consequat aute id et minim enim reprehenderit magna culpa', 'https://via.placeholder.com/400/', 'https://via.placeholder.com/400/?text=ICON', '2021-09-13 06:02:51'),
(227, 11, '37.727867', '-122.436186', 'occaecat minim esse excepteur consectetur consequat ut mollit cillum enim', 'https://via.placeholder.com/400/', 'https://via.placeholder.com/400/?text=ICON', '2021-03-31 09:02:01'),
(228, 14, '37.705884', '-122.400080', 'ad tempor cupidatat magna culpa cillum ullamco magna adipisicing ea', 'https://via.placeholder.com/400/', 'https://via.placeholder.com/400/?text=ICON', '2020-01-09 04:37:52'),
(229, 11, '37.722181', '-122.396371', 'ut ea nostrud ullamco velit veniam pariatur aliqua culpa anim', 'https://via.placeholder.com/400/', 'https://via.placeholder.com/400/?text=ICON', '2020-04-09 08:56:55'),
(230, 31, '37.764800', '-122.435624', 'voluptate et nisi aliquip proident pariatur elit tempor minim reprehenderit', 'https://via.placeholder.com/400/', 'https://via.placeholder.com/400/?text=ICON', '2020-03-08 07:29:17'),
(231, 49, '37.756271', '-122.464514', 'Lorem veniam nisi magna mollit tempor eiusmod velit tempor laboris', 'https://via.placeholder.com/400/', 'https://via.placeholder.com/400/?text=ICON', '2020-11-09 12:48:41'),
(232, 42, '37.793181', '-122.451252', 'cillum cillum elit adipisicing cillum nisi ut nisi mollit tempor', 'https://via.placeholder.com/400/', 'https://via.placeholder.com/400/?text=ICON', '2020-05-11 09:30:09'),
(233, 1, '37.722815', '-122.500075', 'commodo veniam mollit ea aute ad dolor non exercitation non', 'https://via.placeholder.com/400/', 'https://via.placeholder.com/400/?text=ICON', '2021-02-11 06:54:31'),
(234, 30, '37.790252', '-122.450888', 'in excepteur cupidatat id nulla eiusmod elit id laborum ut', 'https://via.placeholder.com/400/', 'https://via.placeholder.com/400/?text=ICON', '2020-02-19 11:31:46'),
(235, 37, '37.795960', '-122.488189', 'do occaecat qui officia aute eu adipisicing commodo eiusmod officia', 'https://via.placeholder.com/400/', 'https://via.placeholder.com/400/?text=ICON', '2021-09-18 09:46:15'),
(236, 31, '37.720986', '-122.405716', 'cillum do et tempor mollit consequat id do in ullamco', 'https://via.placeholder.com/400/', 'https://via.placeholder.com/400/?text=ICON', '2020-05-11 03:09:27'),
(237, 17, '37.763752', '-122.408065', 'magna ad labore eiusmod officia dolore et deserunt aliqua dolor', 'https://via.placeholder.com/400/', 'https://via.placeholder.com/400/?text=ICON', '2021-03-14 06:34:44');
INSERT INTO `track_locations` (`id`, `animal_id`, `lat`, `lng`, `description`, `photo`, `icon`, `date_create`) VALUES
(238, 13, '37.786117', '-122.505142', 'in ullamco consequat tempor aute deserunt incididunt voluptate nulla nulla', 'https://via.placeholder.com/400/', 'https://via.placeholder.com/400/?text=ICON', '2020-01-28 08:45:44'),
(239, 4, '37.706341', '-122.460119', 'ea elit laborum ipsum velit exercitation aliquip magna id tempor', 'https://via.placeholder.com/400/', 'https://via.placeholder.com/400/?text=ICON', '2020-11-12 09:45:23'),
(240, 29, '37.772790', '-122.434982', 'commodo mollit minim deserunt id tempor laboris nisi id eiusmod', 'https://via.placeholder.com/400/', 'https://via.placeholder.com/400/?text=ICON', '2021-03-07 07:53:06'),
(241, 32, '37.773242', '-122.442702', 'ut sint occaecat mollit magna laboris incididunt tempor ea ipsum', 'https://via.placeholder.com/400/', 'https://via.placeholder.com/400/?text=ICON', '2021-01-28 03:40:59'),
(242, 10, '37.732134', '-122.480534', 'ea commodo consectetur commodo elit officia commodo incididunt sint velit', 'https://via.placeholder.com/400/', 'https://via.placeholder.com/400/?text=ICON', '2021-07-14 05:50:11'),
(243, 26, '37.799986', '-122.421977', 'aute labore laborum ea deserunt mollit ad cillum nostrud consectetur', 'https://via.placeholder.com/400/', 'https://via.placeholder.com/400/?text=ICON', '2021-04-17 01:33:39'),
(244, 31, '37.791119', '-122.489088', 'amet enim Lorem velit ut voluptate eiusmod reprehenderit nostrud duis', 'https://via.placeholder.com/400/', 'https://via.placeholder.com/400/?text=ICON', '2020-10-31 05:22:11'),
(245, 39, '37.799014', '-122.495637', 'enim amet duis ut amet sunt est enim ut anim', 'https://via.placeholder.com/400/', 'https://via.placeholder.com/400/?text=ICON', '2020-10-04 01:39:25'),
(246, 19, '37.712691', '-122.496896', 'incididunt duis elit ex labore reprehenderit labore laborum reprehenderit non', 'https://via.placeholder.com/400/', 'https://via.placeholder.com/400/?text=ICON', '2020-02-05 12:37:45'),
(247, 47, '37.755775', '-122.500187', 'eiusmod officia enim eiusmod cupidatat in in magna excepteur excepteur', 'https://via.placeholder.com/400/', 'https://via.placeholder.com/400/?text=ICON', '2020-09-28 03:24:27'),
(248, 24, '37.731773', '-122.475778', 'sint labore officia dolor sit adipisicing cupidatat culpa dolor proident', 'https://via.placeholder.com/400/', 'https://via.placeholder.com/400/?text=ICON', '2021-09-27 11:23:20'),
(249, 27, '37.752331', '-122.391200', 'aute consectetur incididunt amet consectetur ea aute ad ipsum proident', 'https://via.placeholder.com/400/', 'https://via.placeholder.com/400/?text=ICON', '2020-03-20 04:47:47'),
(250, 10, '37.786137', '-122.490632', 'consequat occaecat laboris ut proident minim duis minim officia cillum', 'https://via.placeholder.com/400/', 'https://via.placeholder.com/400/?text=ICON', '2020-04-29 06:51:00');

-- --------------------------------------------------------

--
-- Table structure for table `track_users`
--

CREATE TABLE `track_users` (
  `id` int(13) NOT NULL,
  `name` varchar(256) NOT NULL,
  `username` varchar(256) NOT NULL,
  `email` varchar(256) NOT NULL,
  `password` varchar(256) NOT NULL,
  `img` varchar(256) NOT NULL,
  `date_create` varchar(256) NOT NULL
) ENGINE=InnoDB DEFAULT CHARSET=utf8;

--
-- Dumping data for table `track_users`
--

INSERT INTO `track_users` (`id`, `name`, `username`, `email`, `password`, `img`, `date_create`) VALUES
(1, 'Bennett Fernandez', 'user1', 'user1@gmail.com', 'md5(pass)', 'https://via.placeholder.com/400/778/fff/?text=user1', '2021-05-03 04:28:03'),
(2, 'Bates Cleveland', 'user2', 'user2@gmail.com', 'md5(pass)', 'https://via.placeholder.com/400/972/fff/?text=user2', '2020-08-04 09:09:44'),
(3, 'Tate Cross', 'user3', 'user3@gmail.com', 'md5(pass)', 'https://via.placeholder.com/400/885/fff/?text=user3', '2020-05-23 12:25:27'),
(4, 'Copeland Guerra', 'user4', 'user4@gmail.com', 'md5(pass)', 'https://via.placeholder.com/400/766/fff/?text=user4', '2020-08-26 04:58:39'),
(5, 'Harvey Davenport', 'user5', 'user5@gmail.com', 'md5(pass)', 'https://via.placeholder.com/400/738/fff/?text=user5', '2020-05-03 10:50:50'),
(6, 'Merrill Francis', 'user6', 'user6@gmail.com', 'md5(pass)', 'https://via.placeholder.com/400/991/fff/?text=user6', '2021-06-01 02:48:17'),
(7, 'Cecilia Tillman', 'user7', 'user7@gmail.com', 'md5(pass)', 'https://via.placeholder.com/400/701/fff/?text=user7', '2021-09-03 01:55:10'),
(8, 'Hewitt Valdez', 'user8', 'user8@gmail.com', 'md5(pass)', 'https://via.placeholder.com/400/945/fff/?text=user8', '2020-04-07 11:32:20'),
(9, 'Kasey Foley', 'user9', 'user9@gmail.com', 'md5(pass)', 'https://via.placeholder.com/400/950/fff/?text=user9', '2021-09-28 05:16:14'),
(10, 'Brenda Burris', 'user10', 'user10@gmail.com', 'md5(pass)', 'https://via.placeholder.com/400/843/fff/?text=user10', '2020-07-14 01:22:31');

--
-- Indexes for dumped tables
--

--
-- Indexes for table `track_animals`
--
ALTER TABLE `track_animals`
  ADD PRIMARY KEY (`id`);

--
-- Indexes for table `track_locations`
--
ALTER TABLE `track_locations`
  ADD PRIMARY KEY (`id`);

--
-- Indexes for table `track_users`
--
ALTER TABLE `track_users`
  ADD PRIMARY KEY (`id`);

--
-- AUTO_INCREMENT for dumped tables
--

--
-- AUTO_INCREMENT for table `track_animals`
--
ALTER TABLE `track_animals`
  MODIFY `id` int(13) NOT NULL AUTO_INCREMENT, AUTO_INCREMENT=51;

--
-- AUTO_INCREMENT for table `track_locations`
--
ALTER TABLE `track_locations`
  MODIFY `id` int(13) NOT NULL AUTO_INCREMENT, AUTO_INCREMENT=251;

--
-- AUTO_INCREMENT for table `track_users`
--
ALTER TABLE `track_users`
  MODIFY `id` int(13) NOT NULL AUTO_INCREMENT, AUTO_INCREMENT=11;
COMMIT;

/*!40101 SET CHARACTER_SET_CLIENT=@OLD_CHARACTER_SET_CLIENT */;
/*!40101 SET CHARACTER_SET_RESULTS=@OLD_CHARACTER_SET_RESULTS */;
/*!40101 SET COLLATION_CONNECTION=@OLD_COLLATION_CONNECTION */;
